<?xml version="1.0" encoding="UTF-8"?>
<project-private xmlns="http://www.netbeans.org/ns/project-private/1">
    <editor-bookmarks xmlns="http://www.netbeans.org/ns/editor-bookmarks/2" lastBookmarkId="0"/>
    <open-files xmlns="http://www.netbeans.org/ns/projectui-open-files/2">
        <group>
            <file>file:/E:/Todo/Informatica/Grado%20Superior/2023-2024/Programación%20de%20Servicios%20y%20Procesos/1er%20Trimestre/Tema%202/Filosofo/src/filosofo/Mesa.java</file>
            <file>file:/E:/Todo/Informatica/Grado%20Superior/2023-2024/Programación%20de%20Servicios%20y%20Procesos/1er%20Trimestre/Tema%202/Filosofo/src/filosofo/Principal.java</file>
            <file>file:/E:/Todo/Informatica/Grado%20Superior/2023-2024/Programación%20de%20Servicios%20y%20Procesos/1er%20Trimestre/Tema%202/Filosofo/src/filosofo/Filosofo.java</file>
        </group>
    </open-files>
</project-private>
