<?xml version="1.0" encoding="UTF-8"?>
<project-private xmlns="http://www.netbeans.org/ns/project-private/1">
    <editor-bookmarks xmlns="http://www.netbeans.org/ns/editor-bookmarks/2" lastBookmarkId="0"/>
    <open-files xmlns="http://www.netbeans.org/ns/projectui-open-files/2">
        <group>
            <file>file:/G:/Todo/Informática/Grado%20Superior/2023-2024/Programación%20de%20Servicios%20y%20Procesos/Primer%20Trimestre/Repaso/PizzeriaBelen/src/pizzas/Pizza.java</file>
            <file>file:/G:/Todo/Informática/Grado%20Superior/2023-2024/Programación%20de%20Servicios%20y%20Procesos/Primer%20Trimestre/Repaso/PizzeriaBelen/src/pizzeriabelen/AccionesEstructuras.java</file>
            <file>file:/G:/Todo/Informática/Grado%20Superior/2023-2024/Programación%20de%20Servicios%20y%20Procesos/Primer%20Trimestre/Repaso/PizzeriaBelen/src/pizzeriabelen/Cola.java</file>
            <file>file:/G:/Todo/Informática/Grado%20Superior/2023-2024/Programación%20de%20Servicios%20y%20Procesos/Primer%20Trimestre/Repaso/PizzeriaBelen/src/pizzas/Calzzone.java</file>
            <file>file:/G:/Todo/Informática/Grado%20Superior/2023-2024/Programación%20de%20Servicios%20y%20Procesos/Primer%20Trimestre/Repaso/PizzeriaBelen/src/pizzas/Clasica.java</file>
            <file>file:/G:/Todo/Informática/Grado%20Superior/2023-2024/Programación%20de%20Servicios%20y%20Procesos/Primer%20Trimestre/Repaso/PizzeriaBelen/src/pizzeriabelen/PizzeriaBelen.java</file>
        </group>
    </open-files>
</project-private>
