<?xml version="1.0" encoding="UTF-8"?>
<project-private xmlns="http://www.netbeans.org/ns/project-private/1">
    <editor-bookmarks xmlns="http://www.netbeans.org/ns/editor-bookmarks/2" lastBookmarkId="0"/>
    <open-files xmlns="http://www.netbeans.org/ns/projectui-open-files/2">
        <group>
            <file>file:/E:/Todo/Informatica/Grado%20Superior/2023-2024/Examen%20Procesos%20Tema%202%20Jorge%20DCM/Ejercicio1ExamenProcesos/src/ejercicio1examenprocesos/hiloNumeroOculto.java</file>
            <file>file:/E:/Todo/Informatica/Grado%20Superior/2023-2024/Examen%20Procesos%20Tema%202%20Jorge%20DCM/Ejercicio1ExamenProcesos/src/ejercicio1examenprocesos/Principal.java</file>
        </group>
    </open-files>
</project-private>
