<?xml version="1.0" encoding="UTF-8"?>
<project-private xmlns="http://www.netbeans.org/ns/project-private/1">
    <editor-bookmarks xmlns="http://www.netbeans.org/ns/editor-bookmarks/2" lastBookmarkId="0"/>
    <open-files xmlns="http://www.netbeans.org/ns/projectui-open-files/2">
        <group>
            <file>file:/H:/Todo/Informatica/Grado%20Superior/2023-2024/Programación%20de%20Servicios%20y%20Procesos/1er_Trimestre/Tema_3/Actividades/ChatConSockets/src/chatconsockets/SocketTCPServer.java</file>
            <file>file:/H:/Todo/Informatica/Grado%20Superior/2023-2024/Programación%20de%20Servicios%20y%20Procesos/1er_Trimestre/Tema_3/Actividades/ChatConSockets/src/chatconsockets/ChatCliente.java</file>
            <file>file:/H:/Todo/Informatica/Grado%20Superior/2023-2024/Programación%20de%20Servicios%20y%20Procesos/1er_Trimestre/Tema_3/Actividades/ChatConSockets/src/chatconsockets/ChatServidor.java</file>
            <file>file:/H:/Todo/Informatica/Grado%20Superior/2023-2024/Programación%20de%20Servicios%20y%20Procesos/1er_Trimestre/Tema_3/Actividades/ChatConSockets/src/chatconsockets/SocketTCPClient.java</file>
        </group>
    </open-files>
</project-private>
